Theme,Dish,Ingredients
Vietnamese,Ricepaper Roll,Vermicelli
Vietnamese,Ricepaper Roll,Rice Paper
Vietnamese,Ricepaper Roll,Hoisin Sauce
Vietnamese,Ricepaper Roll,Mock Duck
Vietnamese,Ricepaper Roll,Coriander
Vietnamese,Ricepaper Roll,Carrot
Vietnamese,Ricepaper Roll,Cucumber
Vietnamese,Ricepaper Roll,Apple
Vietnamese,Banh Mi,Banh Mi
Vietnamese,Banh Mi,Mushroom Pate
Vietnamese,Banh Mi,Mayo
Vietnamese,Banh Mi,Apple
Vietnamese,Banh Mi,Tofu
Vietnamese,Vermicelli Salad,Vermicelli
Vietnamese,Vermicelli Salad,Coriander
Vietnamese,Vermicelli Salad,Nuoc Cham
Vietnamese,Vermicelli Salad,Carrot
Vietnamese,Bao,Bao
Vietnamese,Bao,Hoisin Sauce
Vietnamese,Bao,Mock Duck
Vietnamese,Bao,Coriander
Vietnamese,Bao,Cucumber
Vietnamese,Bao,Apple
Vietnamese,"Peking ""Duck""",Cucumber
Vietnamese,"Peking ""Duck""",Wrap
Vietnamese,"Peking ""Duck""",Hoisin Sauce
Vietnamese,"Peking ""Duck""",Hoisin Sauce
Vietnamese,"Peking ""Duck""",Mock Duck
Thai,"Yellow, Red, Green Curry",Curry Paste
Thai,"Yellow, Red, Green Curry",Coconut Milk
Thai,"Yellow, Red, Green Curry",Mock Meat
Malay,Satay Stir Fry,Peanut Butter
Malay,Satay Stir Fry,Coconut Milk
Malay,Satay Stir Fry,Mock Meat
Latin,Burrito/Tacos,Wrap
Latin,Burrito/Tacos,TVP
Latin,Burrito/Tacos,Corriander
Latin,Burrito/Tacos,Salsa
Latin,Burrito/Tacos,Tomato
Western,Carbonara,Cashew
Western,Carbonara,Pasta
Western,Carbonara,Nutritional Yeast
Western,Bolognese,Tomato sauce
Western,Bolognese,Pasta
Western,Bolognese,Carrot
Western,Bolognese,TVP
Western,Gnocchi,Gnocchi
Western,Gnocchi,Tomato sauce
Western,Gnocchi,Carrot
Western,Gnocchi,TVP
Fucsion,Tofu Scramble,Tofu
Fucsion,Tofu Scramble,Tumeric
Asian,Mapo Tofu,Mapo sauce
Asian,Mapo Tofu,Tofu
Asian,Mapo Tofu,TVP
Asian,Sticky Tofu,Corn Starch
Asian,Sticky Tofu,Soy Suace
Asian,Sticky Tofu,Tofu
Japanese,Japanese Curry,Potatoes
Japanese,Japanese Curry,Jap Curry Paste
Japanese,Japanese Curry,Carrot
Russian,Russian Salad,Beetroot
Russian,Russian Salad,Mayo
Russian,Russian Salad,Potatoes
Russian,Russian Salad,3 veges
Thai,Tom Yum Noodle Soup,Tom Yum Paste
Thai,Tom Yum Noodle Soup,Coconut Milk
Asian,Tomato Noodle Soup,Noodle
Korean,Jap Chae,Glass Noodle
Western,Baked Potatoes and Protein,Potatoes
Asian,Fried Rice,3 veges
Asian,Fried Rice,TVP
Asian,Fried Rice,Rice
Asian,Fried Rice,Tofu
,,
,,
,,
,,
,,
,,
,,
,,
,,
,,
,,
,,
,,
,,
,,
,,
,,
,,
,,
,,
,,
,,
,,
,,
,,
,,
,,
,,
,,
,,
,,
,,
,,
,,
,,
,,
,,
,,
,,
,,
,,
,,
,,
,,
,,
,,
,,
,,
,,
,,
,,
,,
,,
,,
,,
,,
,,
,,
,,
,,
,,
,,
,,
,,
,,
,,
,,
,,
,,
,,
,,
,,
,,
,,
,,
,,
,,
,,
,,
,,
,,
,,
,,
,,
,,
,,
,,
,,
,,
,,
,,
,,
,,
,,
,,
,,
,,
,,
,,
,,
,,
,,
,,
,,
,,
,,
,,
,,
,,
,,
,,
,,
,,
,,
,,
,,
,,
,,
,,
,,
,,
,,
,,
,,
,,
,,
,,
,,
,,
,,
,,
,,
,,
,,
,,
,,
,,
,,
,,
,,
,,
,,
,,
,,
,,
,,
,,
,,
,,
,,
,,
,,
,,
,,
,,
,,
,,
,,
,,
,,
,,
,,
,,
,,
,,
,,
,,
,,
,,
,,
,,
,,
,,
,,
,,
,,
,,
,,
,,
,,
,,
,,
,,
,,
,,
,,
,,
,,
,,
,,
,,
,,
,,
,,
,,
,,
,,
,,
,,
,,
,,
,,
,,
,,
,,
,,
,,
,,
,,
,,
,,
,,
,,
,,
,,
,,
,,
,,
,,
,,
,,
,,
,,
,,
,,
,,
,,
,,
,,
,,
,,
,,
,,
,,
,,
,,
,,
,,
,,
,,
,,
,,
,,
,,
,,
,,
,,
,,
,,
,,
,,
,,
,,
,,
,,
,,
,,
,,
,,
,,
,,
,,
,,
,,
,,
,,
,,
,,
,,
,,
,,
,,
,,
,,
,,
,,
,,
,,
,,
,,
,,
,,
,,
,,
,,
,,
,,
,,
,,
,,
,,
,,
,,
,,
,,
,,
,,
,,
,,
,,
,,
,,
,,
,,
,,
,,
,,
,,
,,
,,
,,
,,
,,
,,
,,
,,
,,
,,
,,
,,
,,
,,
,,
,,
,,
,,
,,
,,
,,
,,
,,
,,
,,
,,
,,
,,
,,
,,
,,
,,
,,
,,
,,
,,
,,
,,
,,
,,
,,
,,
,,
,,
,,
,,
,,
,,
,,
,,
,,
,,
,,
,,
,,
,,
,,
,,
,,
,,
,,
,,
,,
,,
,,
,,
,,
,,
,,
,,
,,
,,
,,
,,
,,
,,
,,
,,
,,
,,
,,
,,
,,
,,
,,
,,
,,
,,
,,
,,
,,
,,
,,
,,
,,
,,
,,
,,
,,
,,
,,
,,
,,
,,
,,
,,
,,
,,
,,
,,
,,
,,
,,
,,
,,
,,
,,
,,
,,
,,
,,
,,
,,
,,
,,
,,
,,
,,
,,
,,
,,
,,
,,
,,
,,
,,
,,
,,
,,
,,
,,
,,
,,
,,
,,
,,
,,
,,
,,
,,
,,
,,
,,
,,
,,
,,
,,
,,
,,
,,
,,
,,
,,
,,
,,
,,
,,
,,
,,
,,
,,
,,
,,
,,
,,
,,
,,
,,
,,
,,
,,
,,
,,
,,
,,
,,
,,
,,
,,
,,
,,
,,
,,
,,
,,
,,
,,
,,
,,
,,
,,
,,
,,
,,
,,
,,
,,
,,
,,
,,
,,
,,
,,
,,
,,
,,
,,
,,
,,
,,
,,
,,
,,
,,
,,
,,
,,
,,
,,
,,
,,
,,
,,
,,
,,
,,
,,
,,
,,
,,
,,
,,
,,
,,
,,
,,
,,
,,
,,
,,
,,
,,
,,
,,
,,
,,
,,
,,
,,
,,
,,
,,
,,
,,
,,
,,
,,
,,
,,
,,
,,
,,
,,
,,
,,
,,
,,
,,
,,
,,
,,
,,
,,
,,
,,
,,
,,
,,
,,
,,
,,
,,
,,
,,
,,
,,
,,
,,
,,
,,
,,
,,
,,
,,
,,
,,
,,
,,
,,
,,
,,
,,
,,
,,
,,
,,
,,
,,
,,
,,
,,
,,
,,
,,
,,
,,
,,
,,
,,
,,
,,
,,
,,
,,
,,
,,
,,
,,
,,
,,
,,
,,
,,
,,
,,
,,
,,
,,
,,
,,
,,
,,
,,
,,
,,
,,
,,
,,
,,
,,
,,
,,
,,
,,
,,
,,
,,
,,
,,
,,
,,
,,
,,
,,
,,
,,
,,
,,
,,
,,
,,
,,
,,
,,
,,
,,
,,
,,
,,
,,
,,
,,
,,
,,
,,
,,
,,
,,
,,
,,
,,
,,
,,
,,
,,
,,
,,
,,
,,
,,
,,
,,
,,
,,
,,
,,
,,
,,
,,
,,
,,
,,
,,
,,
,,
,,
,,
,,
,,
,,
,,
,,
,,
,,
,,
,,
,,
,,
,,
,,
,,
,,
,,
,,
,,
,,
,,
,,
,,
,,
,,
,,
,,
,,
,,
,,
,,
,,
,,
,,
,,
,,
,,
,,
,,
,,
,,
,,
,,
,,
,,
,,
,,
,,
,,
,,
,,
,,
,,
,,
,,
,,
,,
,,
,,
,,
,,
,,
,,
,,
,,
,,
,,
,,
,,
,,
,,
,,
,,
,,
,,
,,
,,
,,
,,
,,
,,
,,
,,
,,
,,
,,
,,
,,
,,
,,
,,
,,
,,
,,
,,
,,
,,
,,
,,
,,
,,
,,
,,
,,
,,
,,
,,
,,
,,
,,
,,
,,
,,
,,
,,
,,
,,
,,
,,
,,
,,
,,
,,
,,
,,
,,
,,
,,
,,
,,
,,
,,
,,
,,
,,
,,
,,
,,
,,
,,
,,
,,
,,
,,
,,
,,
,,
,,
,,
,,
,,
,,
,,
,,
,,
,,
,,
,,
,,
,,
,,
,,
,,
,,
,,
,,
,,
,,
,,
,,
,,
,,
,,
,,
,,
,,
,,
,,
,,
,,
,,
,,
,,
,,
,,
,,
,,
,,
,,
,,
,,